"Indicator","Country Coverage","Year Coverage","Flag Continuity","Flag Country Coverage","Flag Year Coverage","Year Range","Percentage of Complete Records","Percentage of Complete Records in Last Five Years","Static Valid Years","Dynamic Valid Years","Static Country Coverage","Dynamic Country Coverage","family_var","family_name"
"wb_aspire_adequacy_benefits",123,25,1,0,1,"1998-2023","92.3%","98.6%",2,4,35,62,"vars_lab","Labor and Social Protection Institutions"
"wb_aspire_coverage",130,25,1,0,1,"1998-2023","100%","100%",2,4,35,64,"vars_lab","Labor and Social Protection Institutions"
"bs_bti_q12_1",137,10,1,1,1,"2006-2024","14.5%","31.3%",2,5,137,137,"vars_climate","Energy and Environment Institutions"
"bs_bti_q15_1",137,10,1,1,1,"2006-2024","14.5%","31.3%",2,5,137,137,"vars_hrm","Public Human Resource Management Institutions"
"bs_bti_q2_1",137,10,1,1,1,"2006-2024","14.5%","31.3%",2,5,137,137,"vars_pol","Political Institutions"
"bs_bti_q2_3",137,10,1,1,1,"2006-2024","14.5%","31.3%",2,5,137,137,"vars_social","Social Institutions"
"bs_bti_q3_1",137,10,1,1,1,"2006-2024","14.5%","31.3%",2,5,137,137,"vars_pol","Political Institutions"
"bs_bti_q3_2",137,10,1,1,1,"2006-2024","14.5%","31.3%",2,5,137,137,"vars_leg","Justice Institutions"
"bs_bti_q7_2",137,10,1,1,1,"2006-2024","14.5%","31.3%",2,5,137,137,"vars_mkt","Business Environment"
"bs_bti_q8_2",137,10,1,1,1,"2006-2024","14.5%","31.3%",2,5,137,137,"vars_pfm","Public Finance Institutions"
"bs_bti_si",137,10,1,1,1,"2006-2024","14.5%","31.3%",2,5,137,137,"vars_pol","Political Institutions"
"wb_gtmi_cgsi",198,2,1,1,1,"2020-2022","4.4%","30.2%",1,2,198,198,"vars_digital","Digital and Data Institutions"
"wb_gtmi_dcei",198,1,1,1,0,"2022-2022","2.2%","15.1%",1,1,198,198,"vars_transp","Transparency and Accountability Institutions"
"wb_gtmi_gtei",198,2,1,1,1,"2020-2022","4.4%","30.2%",1,2,198,198,"vars_digital","Digital and Data Institutions"
"wb_gtmi_pfm_mis",198,1,1,1,0,"2022-2022","2.2%","15.1%",1,1,198,198,"vars_pfm","Public Finance Institutions"
"wb_gtmi_psdi",198,1,1,1,0,"2022-2022","2.2%","15.1%",1,1,198,198,"vars_digital","Digital and Data Institutions"
"wb_lpi_lp_lpi_cust_xq",216,7,1,1,1,"2007-2022","15.7%","14.1%",1,3,185,214,"vars_mkt","Business Environment"
"wb_debt_transp_index",77,6,1,0,1,"2020-2025","100%","100%",5,3,75,77,"vars_pfm","Public Finance Institutions"
"oecd_epl_regular",42,13,1,0,1,"2013-2025","100%","100%",5,5,39,42,"vars_lab","Labor and Social Protection Institutions"
"oecd_epl_temporary",38,13,1,0,1,"2013-2025","93.3%","97.4%",5,5,38,38,"vars_lab","Labor and Social Protection Institutions"
"wb_gfdb_oi_01",177,22,1,1,1,"2000-2021","48.6%","67.3%",1,3,136,168,"vars_mkt","Business Environment"
"wb_pefa_pi_2016_05",81,11,1,0,1,"2016-2026","100%","100%",3,3,53,46,"vars_pfm","Public Finance Institutions"
"wb_pefa_pi_2016_07",72,11,1,0,1,"2016-2026","84.5%","83.1%",3,2,45,39,"vars_pfm","Public Finance Institutions"
"wb_pefa_pi_2016_08",76,11,1,0,1,"2016-2026","91.4%","89.2%",3,2,48,41,"vars_pfm","Public Finance Institutions"
"wb_pefa_pi_2016_10",81,11,1,0,1,"2016-2026","99.1%","98.5%",3,3,52,46,"vars_pfm","Public Finance Institutions"
"wb_pefa_pi_2016_11",78,11,1,0,1,"2016-2026","96.6%","96.9%",3,3,51,45,"vars_pfm","Public Finance Institutions"
"wb_pefa_pi_2016_12",79,11,1,0,1,"2016-2026","97.4%","95.4%",3,3,50,44,"vars_pfm","Public Finance Institutions"
"wb_pefa_pi_2016_13",74,11,1,0,1,"2016-2026","87.1%","87.7%",3,2,46,39,"vars_pfm","Public Finance Institutions"
"wb_pefa_pi_2016_14",76,11,1,0,1,"2016-2026","90.5%","90.8%",3,2,48,41,"vars_pfm","Public Finance Institutions"
"wb_pefa_pi_2016_15",77,11,1,0,1,"2016-2026","94%","90.8%",2,3,47,43,"vars_pfm","Public Finance Institutions"
"wb_pefa_pi_2016_16",79,11,1,0,1,"2016-2026","93.1%","90.8%",3,3,48,42,"vars_pfm","Public Finance Institutions"
"wb_pefa_pi_2016_17",75,11,1,0,1,"2016-2026","89.7%","89.2%",3,3,49,41,"vars_pfm","Public Finance Institutions"
"wb_pefa_pi_2016_18",64,11,1,0,1,"2016-2026","70.7%","76.9%",1,1,40,37,"vars_pfm","Public Finance Institutions"
"wb_pefa_pi_2016_19",75,11,1,0,1,"2016-2026","89.7%","87.7%",3,2,46,40,"vars_pfm","Public Finance Institutions"
"wb_pefa_pi_2016_20",77,11,1,0,1,"2016-2026","89.7%","93.8%",3,2,50,42,"vars_pfm","Public Finance Institutions"
"wb_pefa_pi_2016_21",68,11,1,0,1,"2016-2026","74.1%","69.2%",0,1,37,34,"vars_pfm","Public Finance Institutions"
"wb_pefa_pi_2016_22",76,11,1,0,1,"2016-2026","92.2%","93.8%",3,3,49,42,"vars_pfm","Public Finance Institutions"
"wb_pefa_pi_2016_23",73,11,1,0,1,"2016-2026","86.2%","84.6%",2,1,45,39,"vars_pfm","Public Finance Institutions"
"wb_pefa_pi_2016_24",76,11,1,0,1,"2016-2026","83.6%","84.6%",3,2,47,42,"vars_pfm","Public Finance Institutions"
"wb_pefa_pi_2016_25",71,11,1,0,1,"2016-2026","81.9%","80%",1,1,42,37,"vars_pfm","Public Finance Institutions"
"wb_pefa_pi_2016_26",79,11,1,0,1,"2016-2026","90.5%","90.8%",3,3,47,43,"vars_pfm","Public Finance Institutions"
"wb_pefa_pi_2016_27",74,11,1,0,1,"2016-2026","84.5%","84.6%",2,1,43,39,"vars_pfm","Public Finance Institutions"
"wb_pefa_pi_2016_28",72,11,1,0,1,"2016-2026","85.3%","84.6%",3,2,44,38,"vars_pfm","Public Finance Institutions"
"wb_pefa_pi_2016_29",80,11,1,0,1,"2016-2026","93.1%","92.3%",2,2,48,43,"vars_pfm","Public Finance Institutions"
"wb_pefa_pi_2016_30",75,11,1,0,1,"2016-2026","90.5%","90.8%",3,2,47,42,"vars_pfm","Public Finance Institutions"
"oecd_pmr_2018_1_3",56,2,1,0,1,"2018-2023","94.6%","98.2%",1,1,55,51,"vars_soe","SOE Corporate Governance"
"oecd_pmr_2018_1_4",56,2,1,0,1,"2018-2023","94.6%","98.2%",1,1,55,51,"vars_soe","SOE Corporate Governance"
"oecd_pmr_2018_2_1",56,2,1,0,1,"2018-2023","94.6%","98.2%",1,1,55,51,"vars_soe","SOE Corporate Governance"
"oecd_pmr_2018_2_2_1",56,2,1,0,1,"2018-2023","94.6%","98.2%",1,1,55,51,"vars_soe","SOE Corporate Governance"
"oecd_pmr_2018_2_2_2",56,2,1,0,1,"2018-2023","94.6%","98.2%",1,1,55,51,"vars_soe","SOE Corporate Governance"
"vdem_core_v2cacamps",174,36,1,1,1,"1990-2025","99.7%","99.6%",5,5,174,174,"vars_social","Social Institutions"
"vdem_core_v2clacfree",174,36,1,1,1,"1990-2025","100%","100%",5,5,174,174,"vars_social","Social Institutions"
"vdem_core_v2clacjstm",174,36,1,1,1,"1990-2025","100%","100%",5,5,174,174,"vars_leg","Justice Institutions"
"vdem_core_v2clacjstw",174,36,1,1,1,"1990-2025","100%","100%",5,5,174,174,"vars_leg","Justice Institutions"
"vdem_core_v2cldiscm",174,36,1,1,1,"1990-2025","100%","100%",5,5,174,174,"vars_social","Social Institutions"
"vdem_core_v2cldiscw",174,36,1,1,1,"1990-2025","100%","100%",5,5,174,174,"vars_social","Social Institutions"
"vdem_core_v2clrspct",174,36,1,1,1,"1990-2025","100%","100%",5,5,174,174,"vars_hrm","Public Human Resource Management Institutions"
"vdem_core_v2cseeorgs",174,36,1,1,1,"1990-2025","100%","100%",5,5,174,174,"vars_social","Social Institutions"
"vdem_core_v2csreprss",174,36,1,1,1,"1990-2025","100%","100%",5,5,174,174,"vars_social","Social Institutions"
"vdem_core_v2dlengage",174,36,1,1,1,"1990-2025","100%","100%",5,5,174,174,"vars_social","Social Institutions"
"vdem_core_v2juaccnt",174,36,1,1,1,"1990-2025","100%","99.9%",5,5,174,174,"vars_leg","Justice Institutions"
"vdem_core_v2juhcind",174,36,1,1,1,"1990-2025","99.8%","100%",5,5,174,174,"vars_leg","Justice Institutions"
"vdem_core_v2juncind",174,36,1,1,1,"1990-2025","100%","100%",5,5,174,174,"vars_leg","Justice Institutions"
"vdem_core_v2lgcrrpt",174,36,1,1,1,"1990-2025","96.2%","96.4%",5,5,171,172,"vars_anticorruption","Degree of Integrity"
"vdem_core_v2lgqugen",173,36,1,1,1,"1990-2025","98.4%","98.3%",5,5,173,173,"vars_pol","Political Institutions"
"vdem_core_v2peapsecon",174,34,1,1,1,"1990-2023","94.3%","66.3%",3,4,174,174,"vars_service_delivery","Service Delivery Institutions"
"vdem_core_v2peapsgen",174,34,1,1,1,"1990-2023","94.3%","66.3%",3,4,174,174,"vars_service_delivery","Service Delivery Institutions"
"vdem_core_v2peapspol",174,34,1,1,1,"1990-2023","94.3%","66.3%",3,4,174,174,"vars_service_delivery","Service Delivery Institutions"
"vdem_core_v2peasjpol",174,34,1,1,1,"1990-2023","94.3%","66.3%",3,4,174,174,"vars_hrm","Public Human Resource Management Institutions"
"vdem_core_v2peasjsoecon",174,34,1,1,1,"1990-2023","94.3%","66.3%",3,4,174,174,"vars_hrm","Public Human Resource Management Institutions"
"vdem_core_v2pepwrgen",174,36,1,1,1,"1990-2025","100%","100%",5,5,174,174,"vars_pol","Political Institutions"
"vdem_core_v2pepwrses",174,36,1,1,1,"1990-2025","100%","100%",5,5,174,174,"vars_pol","Political Institutions"
"vdem_core_v2pepwrsoc",174,36,1,1,1,"1990-2025","100%","100%",5,5,174,174,"vars_pol","Political Institutions"
"vdem_core_v2stcritrecadm",174,36,1,1,1,"1990-2025","98.1%","100%",5,5,174,174,"vars_hrm","Public Human Resource Management Institutions"
"vdem_core_v2x_cspart",174,36,1,1,1,"1990-2025","100%","100%",5,5,174,174,"vars_social","Social Institutions"
"vdem_core_v2x_execorr",174,36,1,1,1,"1990-2025","99.8%","100%",5,5,174,174,"vars_anticorruption","Degree of Integrity"
"vdem_core_v2x_gender",174,36,1,1,1,"1990-2025","99%","100%",5,5,174,174,"vars_pol","Political Institutions"
"vdem_core_v2x_pubcorr",174,36,1,1,1,"1990-2025","99.8%","100%",5,5,174,174,"vars_anticorruption","Degree of Integrity"
"vdem_core_v2xcl_prpty",174,36,1,1,1,"1990-2025","100%","100%",5,5,174,174,"vars_mkt","Business Environment"
"vdem_core_v2xlg_legcon",174,36,1,1,1,"1990-2025","98.5%","98.5%",5,5,174,174,"vars_pol","Political Institutions"
"wdi_sepretcaqzs",0,0,0,0,0,"Inf--Inf","0%","0%",0,0,0,0,"vars_service_delivery","Service Delivery Institutions"
"wdi_seprmenrltczs",0,0,0,0,0,"Inf--Inf","0%","0%",0,0,0,0,"vars_service_delivery","Service Delivery Institutions"
"wdi_seprmtcaqzs",0,0,0,0,0,"Inf--Inf","0%","0%",0,0,0,0,"vars_service_delivery","Service Delivery Institutions"
"wdi_sesecenrltczs",0,0,0,0,0,"Inf--Inf","0%","0%",0,0,0,0,"vars_service_delivery","Service Delivery Institutions"
"wdi_sesectcaqzs",0,0,0,0,0,"Inf--Inf","0%","0%",0,0,0,0,"vars_service_delivery","Service Delivery Institutions"
"wdi_shstaanvczs",0,0,0,0,0,"Inf--Inf","0%","0%",0,0,0,0,"vars_service_delivery","Service Delivery Institutions"
"wdi_shstabrtczs",0,0,0,0,0,"Inf--Inf","0%","0%",0,0,0,0,"vars_service_delivery","Service Delivery Institutions"
"wdi_spregbrthzs",0,0,0,0,0,"Inf--Inf","0%","0%",0,0,0,0,"vars_service_delivery","Service Delivery Institutions"
"fh_fiw_cl_rating",195,14,1,1,1,"2013-2026","100%","100%",5,5,194,195,"vars_social","Social Institutions"
"fh_fiw_pr_rating",195,14,1,1,1,"2013-2026","100%","100%",5,5,194,195,"vars_pol","Political Institutions"
"idea_gsod_v_21_05",171,36,1,1,1,"1990-2025","99.7%","100%",5,5,171,171,"vars_leg","Justice Institutions"
"idea_gsod_v_22_16",171,36,1,1,1,"1990-2025","100%","100%",5,5,171,171,"vars_lab","Labor and Social Protection Institutions"
"ibp_obs_obi",128,10,1,1,1,"2006-2025","99.9%","100%",3,0,128,0,"vars_transp","Transparency and Accountability Institutions"
"rwb_pfi_index",177,24,1,1,1,"2002-2026","100%","100%",5,5,176,176,"vars_social","Social Institutions"
"wb_spi_census_and_survey_index",197,21,1,1,1,"2004-2024","91.6%","91.6%",4,5,197,197,"vars_digital","Digital and Data Institutions"
"wb_spi_std_and_methods",215,21,1,1,1,"2004-2024","55.8%","100%",4,5,215,215,"vars_digital","Digital and Data Institutions"
"wdi_sepretcaqzs",0,0,0,0,0,"Inf--Inf","0%","0%",0,0,0,0,"vars_service_delivery","Service Delivery Institutions"
"wdi_seprmenrltczs",0,0,0,0,0,"Inf--Inf","0%","0%",0,0,0,0,"vars_service_delivery","Service Delivery Institutions"
"wdi_seprmtcaqzs",0,0,0,0,0,"Inf--Inf","0%","0%",0,0,0,0,"vars_service_delivery","Service Delivery Institutions"
"wdi_sesecenrltczs",0,0,0,0,0,"Inf--Inf","0%","0%",0,0,0,0,"vars_service_delivery","Service Delivery Institutions"
"wdi_sesectcaqzs",0,0,0,0,0,"Inf--Inf","0%","0%",0,0,0,0,"vars_service_delivery","Service Delivery Institutions"
"wdi_shstaanvczs",0,0,0,0,0,"Inf--Inf","0%","0%",0,0,0,0,"vars_service_delivery","Service Delivery Institutions"
"wdi_shstabrtczs",0,0,0,0,0,"Inf--Inf","0%","0%",0,0,0,0,"vars_service_delivery","Service Delivery Institutions"
"wdi_spregbrthzs",0,0,0,0,0,"Inf--Inf","0%","0%",0,0,0,0,"vars_service_delivery","Service Delivery Institutions"
"wb_wbl_entrepreneurship",190,37,1,1,1,"1990-2026","100%","100%",5,5,190,190,"vars_mkt","Business Environment"
"wb_wbl_labor",190,37,1,1,1,"1990-2026","100%","100%",5,5,190,190,"vars_lab","Labor and Social Protection Institutions"
"wb_wbl_social",190,37,1,1,1,"1990-2026","100%","100%",5,5,190,190,"vars_social","Social Institutions"
"wjp_rol_1",143,14,1,1,1,"2012-2025","100%","100%",5,5,143,142,"vars_pol","Political Institutions"
"wjp_rol_2",143,14,1,1,1,"2012-2025","100%","100%",5,5,143,142,"vars_anticorruption","Degree of Integrity"
"wjp_rol_2_2",143,14,1,1,1,"2012-2025","100%","100%",5,5,143,142,"vars_leg","Justice Institutions"
"wjp_rol_3_1",143,14,1,1,1,"2012-2025","100%","100%",5,5,143,142,"vars_transp","Transparency and Accountability Institutions"
"wjp_rol_3_2",143,14,1,1,1,"2012-2025","100%","100%",5,5,143,142,"vars_transp","Transparency and Accountability Institutions"
"wjp_rol_3_4",143,14,1,1,1,"2012-2025","100%","100%",5,5,143,142,"vars_transp","Transparency and Accountability Institutions"
"wjp_rol_4_3",143,14,1,1,1,"2012-2025","100%","100%",5,5,143,142,"vars_leg","Justice Institutions"
"wjp_rol_4_4",143,14,1,1,1,"2012-2025","100%","100%",5,5,143,142,"vars_social","Social Institutions"
"wjp_rol_4_5",143,14,1,1,1,"2012-2025","100%","100%",5,5,143,142,"vars_social","Social Institutions"
"wjp_rol_4_6",143,14,1,1,1,"2012-2025","99.6%","100%",5,5,143,142,"vars_social","Social Institutions"
"wjp_rol_4_7",143,14,1,1,1,"2012-2025","100%","100%",5,5,143,142,"vars_social","Social Institutions"
"wjp_rol_4_8",143,14,1,1,1,"2012-2025","100%","100%",5,5,143,142,"vars_lab","Labor and Social Protection Institutions"
"wjp_rol_6",143,14,1,1,1,"2012-2025","100%","100%",5,5,143,142,"vars_mkt","Business Environment"
"wjp_rol_6_2",143,14,1,1,1,"2012-2025","100%","100%",5,5,143,142,"vars_anticorruption","Degree of Integrity"
"wjp_rol_6_6",143,14,1,1,1,"2012-2025","100%","100%",5,5,143,142,"vars_leg","Justice Institutions"
"wjp_rol_7_1",143,14,1,1,1,"2012-2025","100%","100%",5,5,143,142,"vars_leg","Justice Institutions"
"wjp_rol_7_5",143,14,1,1,1,"2012-2025","100%","100%",5,5,143,142,"vars_leg","Justice Institutions"
"wjp_rol_7_6",143,14,1,1,1,"2012-2025","100%","100%",5,5,143,142,"vars_leg","Justice Institutions"
"wjp_rol_7_7",143,14,1,1,1,"2012-2025","100%","100%",5,5,143,142,"vars_leg","Justice Institutions"
"wjp_rol_8_1",143,14,1,1,1,"2012-2025","99.9%","100%",5,5,143,142,"vars_leg","Justice Institutions"
"wjp_rol_8_2",143,14,1,1,1,"2012-2025","100%","100%",5,5,143,142,"vars_leg","Justice Institutions"
"wjp_rol_8_4",143,14,1,1,1,"2012-2025","99.9%","100%",5,5,143,142,"vars_leg","Justice Institutions"
